name,age,job,salary
Brent Zuniga,62,"Designer, graphic",45330
Jennifer Jackson,33,Broadcast journalist,104543
David Ochoa,31,Ecologist,51735
Michael Hays,59,Chief of Staff,78164
Michelle Weaver,36,Hospital doctor,102082
Juan Nunez MD,44,Radio producer,32070
Alex Dickerson,46,Copy,59397
Krystal Brown,31,Water quality scientist,49040
Charles Burton,49,Product manager,101805
Michael Wilson,33,Osteopath,57250
Christopher Boyd,49,Animal technologist,70920
Jennifer Moon,56,Actor,79602
James Taylor,40,Herbalist,82353
Craig Nelson,46,Tax inspector,45402
Philip Bright,30,Music tutor,58093
Jason Roy,35,Primary school teacher,119482
Shannon Hill,52,"Merchandiser, retail",108870
Vicki Little PhD,43,"Editor, magazine features",116516
Edward Ray,31,Land,107622
Richard Harris,39,"Administrator, local government",37278
Mr. Scott Preston,50,Advice worker,98887
Sara Day,39,Agricultural engineer,111540
Hunter Cooper,38,"Accountant, chartered certified",74130
David Morgan,41,Risk analyst,87070
Christopher Jackson,42,Social worker,81736
John Hawkins,56,Haematologist,72966
Tara White,50,Barista,57736
Brittany Osborne,46,Clinical biochemist,118037
Devin English,29,Education administrator,79679
Kimberly Williams,41,Theatre director,101430
Kevin Vaughn,57,"Engineer, civil (contracting)",31796
Danielle Vargas,30,"Scientist, research (life sciences)",67597
Terry Clark,63,Restaurant manager,87689
Michelle Martinez,64,Educational psychologist,80603
Michael Morton,64,IT technical support officer,61029
Robert Leonard,64,Museum/gallery conservator,62958
Michelle Beck,57,Graphic designer,108635
Brenda Rowe,46,Medical illustrator,62514
William Johnson,24,"Presenter, broadcasting",39779
Michelle Marshall,53,"Therapist, speech and language",65026
Jessica Johnson,25,Operational investment banker,107195
Stacey Nielsen,50,Software engineer,88482
Robin Smith,59,Theatre director,110443
Hannah Graham,62,Town planner,45300
Sherry Hernandez,36,"Teacher, secondary school",54134
Matthew Hampton,63,Photographer,113506
Desiree Harris MD,57,Sales promotion account executive,115992
Thomas Rose,24,"Therapist, occupational",64355
Jennifer Caldwell,28,Barrister,39186
Jennifer Taylor,21,Analytical chemist,59152
Melissa Mueller,50,Astronomer,86081
Kristin Rivera,31,Speech and language therapist,70710
Terry Garcia,53,Television/film/video producer,47115
Patricia Davis,33,"Surveyor, building control",105820
Mandy Ray,26,Broadcast journalist,92294
Justin Smith,61,"Surveyor, insurance",110583
Jesus Johnson,50,"Scientist, marine",75995
Michael Johnson,58,"Buyer, retail",100970
Amy Harris,36,Educational psychologist,93799
Donald Johnson,64,Town planner,46709
William Smith,41,Communications engineer,93526
Jake Park DDS,28,Training and development officer,76605
Brandi Robinson,61,Sales executive,98275
Jessica Cook,28,Site engineer,37224
Danny Donaldson,52,IT technical support officer,65875
Francisco Warren,41,"Engineer, water",64783
Gabriel Gonzalez,64,Dietitian,84415
Joanna Moore,59,Insurance underwriter,39967
Frances Sanders,42,Firefighter,112557
Thomas Turner,56,Colour technologist,55248
Shaun Fernandez,55,Solicitor,77493
Robert Garza,42,Dietitian,32877
Jennifer Moore,61,"Research officer, trade union",64759
Daniel Johnson,60,Local government officer,86806
Jamie Schultz,31,Records manager,109010
Kirsten Craig,47,Product manager,78995
Jay Cohen,25,Applications developer,41700
Marc Johnson,53,Freight forwarder,76448
Daniel Gibson,50,Community development worker,93847
Janet Anderson,43,Public relations account executive,43055
Angela Pope,27,Landscape architect,39975
Monique Olson,60,Air cabin crew,68268
Morgan Garcia,57,Financial manager,57381
Peter Johnston,38,Osteopath,67359
Justin Jarvis,57,Recruitment consultant,36792
Steven Richardson,26,Commercial/residential surveyor,107335
Alexis Rodriguez,30,Local government officer,39788
Jason Garcia,64,Pension scheme manager,33440
Marie Reynolds,24,Commercial art gallery manager,34050
Robert Hanson,48,"Surveyor, building control",50821
Mrs. Marissa Frank,42,Best boy,48465
Timothy Patterson,19,"Engineer, structural",54074
Tina Hill,61,Counselling psychologist,113865
Andrew Clay,50,Further education lecturer,109656
Henry Lawson,52,Research scientist (maths),107657
Jeremy Austin,54,Research scientist (medical),88980
Michelle Young,33,Facilities manager,99206
Terry Hodges,52,General practice doctor,34832
Bryan Gomez,63,Advertising art director,55690
Michael Tyler,18,Astronomer,105821
Brandon Perez,46,Production engineer,67329
Walter Mitchell,47,Arts development officer,35957
Peggy Johnson,19,Forensic psychologist,113171
John Bell,31,Neurosurgeon,96022
Richard Mills,23,Astronomer,109390
James Key,52,Chief Strategy Officer,87137
Bailey Madden,18,Dietitian,66399
Heather Jimenez,20,Hydrographic surveyor,93957
Joseph Velez,53,Heritage manager,86302
Tiffany Jones,40,Sports coach,109538
Brendan Bryant,35,Energy engineer,119981
Kimberly Nicholson,45,Illustrator,102064
James Smith,49,Farm manager,63581
Michael Terrell,62,"Scientist, water quality",112560
David Brown,35,Software engineer,82200
John Morris,50,Paediatric nurse,115106
Brian Garza,27,Theatre director,46539
Nicole Patterson,30,"Engineer, petroleum",117913
Robert Nichols,51,Estate manager/land agent,43135
Kent Williams,26,Copy,107945
Adam Parsons,19,Conference centre manager,112448
Samantha Lopez,36,Meteorologist,43210
Adam Hughes,35,Trade mark attorney,72736
Barbara Foley,42,Cabin crew,81078
Tony Farmer,61,Materials engineer,46988
Christopher Collins,20,Seismic interpreter,74660
Russell Simmons,40,Dealer,79260
Joshua Cook,38,Solicitor,64026
Janet Curry,51,Advertising account planner,78647
Karla Chaney,40,Chief Executive Officer,94260
Jennifer Allen,29,Legal secretary,39890
Bradley Hall,41,"Nurse, mental health",110963
Nicholas Taylor,39,"Engineer, civil (contracting)",70323
Riley Marquez,51,Ship broker,37544
Craig Montoya,18,Paramedic,85823
Dana Williams,28,"Doctor, general practice",87954
Brian Ellis,50,"Surveyor, planning and development",38669
Karen Salinas,57,Careers adviser,63026
Mr. Brian Young,37,"Psychologist, forensic",103714
Gregory Brown,30,"Designer, industrial/product",74898
John Nguyen,54,Pharmacologist,102665
Eric Gardner,28,Ranger/warden,66418
Frank Morales,48,Automotive engineer,106367
Dawn Thompson,52,Homeopath,35127
Amber Marks,50,Press photographer,49546
Erin Robinson,51,"Designer, fashion/clothing",89068
William Watson,61,Homeopath,106146
Catherine Marsh,45,Music tutor,76880
William Ramirez,36,Medical sales representative,68517
Jeffrey Fischer,60,Financial controller,98798
Stacey Anderson,62,Actor,37068
Donna Miller,20,Research scientist (medical),39283
Michael Chapman,29,Research scientist (maths),51071
Emily Williams,19,"Engineer, technical sales",40059
Matthew Hammond,64,Structural engineer,36546
Jared Morgan,63,Site engineer,103008
Amanda Mccann,55,Aid worker,103462
Stephanie Carter,65,"Investment banker, corporate",31135
Alison Russo,54,"Research officer, political party",31686
Brenda Navarro,38,"Psychologist, educational",114753
Elizabeth Taylor,55,Actor,99973
Amanda Spears,18,Pharmacologist,90744
David Fleming,34,Museum education officer,114935
Katherine Rush,63,"Engineer, technical sales",51121
Bryan King,26,"Sound technician, broadcasting/film/video",98284
Dawn Park,61,Ergonomist,111521
Jerry Mack,43,Microbiologist,72480
Ricardo Lewis,28,Translator,44579
Amy Brock,52,Telecommunications researcher,110189
Carla Parker,45,"Horticulturist, commercial",35105
Haley Brown,47,"Programmer, systems",86156
Taylor Armstrong,49,Personal assistant,84582
James Sanchez,29,Animal nutritionist,36477
Andrew Garcia,64,"Psychologist, forensic",39896
Jeremy Robinson,55,Accounting technician,55730
Alexis Hart,24,Civil Service fast streamer,59638
Dorothy Moore,25,"Engineer, automotive",86099
Thomas Turner,46,"Pharmacist, hospital",33483
Pamela Walter,57,Immigration officer,48598
Lydia English,57,"Designer, jewellery",52075
Sheila Hamilton,43,Lawyer,56538
Daniel Welch,56,Barrister's clerk,115013
April Nunez,36,Special educational needs teacher,93650
Jonathan Taylor,47,Visual merchandiser,67756
Latasha Wood,41,Microbiologist,88381
Mackenzie Gray,48,"Administrator, arts",42022
Jill Hill,31,Outdoor activities/education manager,81668
Mark Leon,64,"Scientist, research (life sciences)",54938
Tony Scott,60,Financial risk analyst,74114
Hannah Hinton,55,"Scientist, research (physical sciences)",37236
Christopher Nicholson,52,Mental health nurse,48267
Kristina Wilson,51,"Scientist, physiological",102004
Carol King,52,Television floor manager,58483
Samuel Jacobson,48,Ship broker,35264
Jeremy Lawrence,40,Fast food restaurant manager,66736
Jason Johnson,26,Economist,94476
Timothy Mendoza,32,Lawyer,71457
Adam Wright,62,Chartered certified accountant,116441
Howard Lawrence,18,Arboriculturist,95683
Sara Trevino,40,Amenity horticulturist,85595
Amanda Harris,60,Contractor,86516
Emily Martin,57,"Surveyor, building control",43210
Jacqueline Reid,52,Press sub,91450
Alexandra Schmidt,45,Intelligence analyst,101076
Jimmy Grant,42,Clinical psychologist,87604
Felicia Stanley,31,"Education officer, museum",54027
Kelly Smith,34,Marketing executive,86009
Miranda Bates,33,"Secretary, company",43672
Michaela Aguirre,59,"Lecturer, further education",35714
Chloe Mitchell DDS,39,Contractor,54875
Amanda Smith,52,Diagnostic radiographer,41366
Miguel Romero,40,Medical technical officer,47820
Jonathon Brown,55,Clinical psychologist,67202
Toni Ryan,51,Radio broadcast assistant,54929
Tiffany Neal,64,Dancer,93820
Wendy Ross,40,Health and safety inspector,51630
Allison Torres,37,Lobbyist,102428
James Miller,55,Logistics and distribution manager,59214
Robert Vasquez,56,"Copywriter, advertising",62795
Joseph Butler,54,"Research officer, government",73413
Kevin York,39,Writer,64852
Devin Luna,62,"Designer, fashion/clothing",54893
Denise Watson,64,"Secretary, company",104887
Amanda Sanders,26,Solicitor,72919
James Perez,34,Microbiologist,36601
Christina Wyatt,63,Art therapist,34028
Mathew Lee,37,Barrister,83654
Austin Wilson,46,Advice worker,37030
Susan Howard,41,Environmental consultant,50651
Jesse Miller,48,Lawyer,118210
Kimberly Patel,32,Telecommunications researcher,62980
Wesley Rocha,44,Physiological scientist,38802
Tyler Vasquez,35,Plant breeder/geneticist,45843
Kristin Perez,60,"Engineer, electrical",59322
Melissa Smith,48,Commercial art gallery manager,53555
Deanna Rogers,18,Fine artist,34915
Cassandra Walker,39,Social researcher,93239
Amy Boyd,42,Dancer,42421
Donald Lindsey,28,"Conservation officer, nature",75722
Christopher Garcia,49,"Surveyor, rural practice",88551
Kelly Manning,49,Geoscientist,55843
Donald Beasley,62,Data processing manager,77555
Sarah Campbell,60,"Copywriter, advertising",45082
Amanda Howard,42,Homeopath,67145
Adrian Vaughn,55,Games developer,61193
Brandon Cantrell,28,Tour manager,43159
Anthony Rios,62,"Surveyor, planning and development",98896
Jasmin Wood,59,Animal nutritionist,30340
Jessica Jackson,33,Ambulance person,90152
Mackenzie Andrews,19,Operations geologist,54493
Charles Lara,42,Video editor,46662
Brent Garcia,49,"Psychologist, prison and probation services",59354
Anthony Moore,56,Financial controller,84846
Adam Gibbs,45,Biomedical engineer,70183
Brandon Jackson,44,"Psychotherapist, dance movement",76597
Melissa Farmer,50,Patent attorney,109365
Heather Maddox,42,Energy manager,88787
Danny Ray,65,"Editor, commissioning",116788
Jeffrey Vargas,31,Insurance account manager,80342
Teresa Lowe,56,"Administrator, Civil Service",35860
Tony Williams,19,"Designer, textile",63206
Adam Harding,52,Tourism officer,76058
Amber Acosta,40,Chartered public finance accountant,72178
Sarah Lee,27,Petroleum engineer,45223
Jacob Vega,42,Database administrator,108668
Jason Caldwell,41,Public affairs consultant,90279
Miss Melissa Burke MD,53,Pension scheme manager,97750
Kristin Cruz,58,Rural practice surveyor,58939
Kim Watson,60,Ergonomist,42928
John Arias,62,Naval architect,32489
Kelly Grant,41,Sport and exercise psychologist,59480
Robert Garza,65,"Editor, commissioning",35444
Maria Sawyer,62,"Surveyor, land/geomatics",67428
Danielle Carr,37,Warden/ranger,71491
Jenny Delgado,53,Hospital pharmacist,79582
Krista Anderson,22,Veterinary surgeon,42556
Alexander Brown,38,Quantity surveyor,78863
Tiffany Whitehead,46,Automotive engineer,44304
Lorraine King,44,Photographer,102585
Tracie Elliott,18,"Journalist, magazine",95322
Kyle Smith,18,Television floor manager,31625
Cheryl Patterson,43,Broadcast journalist,33868
Mrs. Vanessa Roberts,51,Merchant navy officer,71124
Steve Coleman,50,Higher education lecturer,46107
Daniel Thomas,30,Accounting technician,67260
Natasha King,50,"Scientist, water quality",39264
Travis Holmes,21,"Surveyor, building",32410
Terry Wallace,25,Advertising art director,98418
Randy Stuart,65,Estate manager/land agent,117409
Mary Knight,61,"Education officer, museum",116983
Brandon Byrd,46,Sales executive,94424
Carolyn Bradshaw,54,Charity fundraiser,118059
Mallory Kelley,56,IT consultant,88625
Melanie Brown,50,Risk manager,105257
Richard Vaughan,54,Interior and spatial designer,85970
Richard Wilson,49,Civil Service fast streamer,33438
Carolyn Patrick,56,Consulting civil engineer,119471
Tina Mason,47,Chartered management accountant,111641
Joel Walls,56,"Engineer, aeronautical",90800
Barry Mcintosh,48,Meteorologist,67035
Erika Hernandez,34,"Psychotherapist, child",56631
Eric Jackson,35,Public affairs consultant,44714
Amanda Clayton,23,"Investment banker, corporate",97687
Latoya Carr,58,Architect,36710
Mr. David Wright,49,Paediatric nurse,46085
Lisa Alvarez,21,Visual merchandiser,53915
Taylor Barrett MD,21,"Scientist, clinical (histocompatibility and immunogenetics)",66732
Anthony Jones,56,Media planner,92275
Kevin Crawford,59,Research scientist (physical sciences),58571
Sherri Gonzales,56,Animal technologist,93282
Mary Green,41,"Civil engineer, consulting",57124
Dennis Price,21,Immunologist,72458
Juan Meadows,36,Software engineer,56676
Sean Smith,31,Soil scientist,82933
Kayla Foster,40,Printmaker,103572
Patricia Conner,39,Learning disability nurse,59903
Jessica Rogers,28,Sport and exercise psychologist,33913
Gregory Foster,31,Psychotherapist,31436
Pamela Lopez,58,"Scientist, marine",117143
Mark Blankenship,38,"Scientist, forensic",44740
Karen King,23,Nutritional therapist,111264
Ronald Hughes,20,"Accountant, chartered management",62028
Christina Coffey,34,"Clinical scientist, histocompatibility and immunogenetics",117818
Mrs. Angela Gonzalez,51,Clinical biochemist,93670
Shannon Higgins,65,Mudlogger,52167
Dorothy Navarro,62,"Buyer, retail",35401
Garrett Patrick MD,52,Retail merchandiser,57823
Megan Mcclain,63,Museum education officer,74514
Cindy Mcgee,34,Gaffer,34936
Robert Wells,50,Local government officer,52557
Noah Francis,24,"Scientist, audiological",89613
Jason Diaz,39,Electrical engineer,114839
Spencer Gibson,54,"Designer, multimedia",67107
Marcus Cruz,23,Sports development officer,69720
Sharon Huynh,54,Special educational needs teacher,40073
Manuel Rodgers,32,"Geologist, wellsite",51959
Robert Anderson,63,Product/process development scientist,94150
Hannah Ortiz,61,Hospital pharmacist,83460
Ashley Weber,62,Sports development officer,38141
Alison Reyes,43,Theatre manager,86375
Jason Watson,47,Pharmacologist,79868
Stephanie Lee,34,Economist,30957
Christina Bright,40,Colour technologist,74918
Jermaine Hill,41,Architect,111773
Beth Horton,64,"Surveyor, rural practice",62947
Jennifer Mathis,32,Dispensing optician,35270
Amy Kelly,64,Systems analyst,83800
Richard Morgan,31,"Psychotherapist, dance movement",81319
John Foster,27,Tax adviser,104078
Elizabeth Robinson,41,"Librarian, academic",91209
Jessica Powell,28,Chartered public finance accountant,103323
Derek Bell,51,Newspaper journalist,32992
Douglas Dixon,29,"Programme researcher, broadcasting/film/video",108054
Melissa Pearson,28,Therapeutic radiographer,89889
Kristina Sanders,41,Production manager,110084
Cristian Montgomery,59,"Designer, multimedia",46505
Laurie Hart,60,Textile designer,43561
Larry Hoffman,56,"Education officer, environmental",78611
Eugene Barnes,56,"Investment banker, operational",62697
Mandy Maldonado,31,"Producer, television/film/video",114662
Mike Moore,25,"Nurse, mental health",112900
Christopher Jackson,54,Herbalist,66406
Gabriel Herrera,57,Environmental manager,91862
Michael Scott,62,Publishing copy,104445
Karen Gonzales,31,Horticultural therapist,110460
Mikayla Strong,65,Homeopath,52227
Christine Allen,54,Pension scheme manager,36293
Tracey Gutierrez,33,Hotel manager,106984
Susan Mejia,32,Health visitor,118817
Cody Hines,42,Dentist,75791
Donna Roberts MD,46,Professor Emeritus,50078
Kevin Garcia MD,30,Naval architect,37437
Cody Moore,46,Music therapist,96385
Nicholas Allen,44,Diplomatic Services operational officer,53056
Larry Gentry,27,International aid/development worker,116587
Kevin Williams,55,Land/geomatics surveyor,66659
Christopher Barker,24,Commissioning editor,72668
Blake Baker,59,Retail banker,50755
Joseph Hancock,23,Purchasing manager,57634
Marissa Watson,45,Production engineer,83555
Stephanie Gray,55,Market researcher,33154
Jesus Kelley,37,Product manager,109602
Mr. David Williamson,51,Commissioning editor,74228
Megan Cunningham,24,Travel agency manager,85673
Michael Thompson,27,Armed forces training and education officer,80365
John Patterson,61,"Radiographer, diagnostic",111634
Steve Moyer,54,"Presenter, broadcasting",119289
Daniel Keller,54,Research scientist (life sciences),34703
Kari Wheeler,21,Museum/gallery conservator,40028
Donna Fuller,33,Call centre manager,75986
Courtney Stephens,46,Market researcher,57249
Steve Owens,31,"Teacher, adult education",87630
Rodney Mills,53,"Education officer, environmental",74516
John Washington,23,"Surveyor, building control",45571
Mallory Jackson,52,Clinical cytogeneticist,110797
Christopher Smith,22,Glass blower/designer,97891
Vanessa Villegas,62,"Conservator, furniture",31850
Andrew Mitchell,31,Systems developer,107697
Timothy Brandt,43,Warden/ranger,46021
Kelly Copeland,28,Careers information officer,55225
Robert Evans,42,Soil scientist,103624
Jessica Elliott,64,"Engineer, electrical",106143
Bill Floyd,27,Dance movement psychotherapist,79088
Aaron Bryant,46,Advice worker,116307
Marie Oconnell,56,Chartered accountant,103395
Michael Callahan,59,Occupational psychologist,62334
Jacob Donaldson,50,Local government officer,39339
Hunter Price,58,Chiropodist,82969
Courtney Hernandez,61,Dancer,92117
Monica Green,45,Secretary/administrator,30588
Brian Ramos,35,Maintenance engineer,45766
Deanna Roberts,62,Adult guidance worker,30735
Dr. Richard Stewart III,43,"Engineer, water",86847
James Porter,27,Medical laboratory scientific officer,102767
Andrew Kane,54,"Engineer, petroleum",69120
Daniel Thomas,62,Field seismologist,92751
Dylan Miller,47,"Engineer, mining",81258
William Porter,62,"Teacher, adult education",116139
Hunter Ward,48,Early years teacher,67536
Scott Moore,32,Community education officer,100849
Linda Ingram,48,"Scientist, research (medical)",80210
Nicole Davis,37,Chief Technology Officer,43749
Emily Becker,43,"Scientist, research (physical sciences)",96483
Lauren Diaz,30,Soil scientist,42982
Candice Ryan,60,"Programme researcher, broadcasting/film/video",102050
Kimberly Church,28,"Engineer, structural",71529
Brandy Richards DDS,60,Academic librarian,84298
Andrew Davis,63,Television floor manager,86599
Victor Martinez,49,"Therapist, occupational",86060
Malik Harvey,26,Film/video editor,33845
Sara Martinez,44,Facilities manager,32028
Kevin Johnson,65,Civil Service administrator,51237
Thomas Harrison,46,"Teacher, music",117787
Mrs. Kathleen Spencer,26,Television camera operator,47566
Kim Mueller,26,Television/film/video producer,81500
Carlos Parker,52,Physiological scientist,38422
Melissa Baker,62,Building services engineer,88521
Samantha Contreras,51,Aid worker,60745
Veronica Willis,58,Fisheries officer,38066
Austin Abbott,31,Farm manager,51301
Kendra Burns,43,Office manager,58591
Elizabeth Lewis,30,Chief Operating Officer,44811
Hector Humphrey,45,"Radiographer, therapeutic",45660
Karen Freeman,35,Dietitian,113479
Albert Frank,37,Research scientist (physical sciences),118046
Renee Coleman,65,Bonds trader,45448
Judy Berry,49,Make,119133
Michael Shannon,36,Media planner,66884
Nathan Castro,22,Arts administrator,86209
Michelle Sanchez,43,"Engineer, manufacturing systems",75307
Vincent Cox,50,"Civil engineer, consulting",76038
Jeffrey Mitchell,57,Merchant navy officer,72175
Tiffany Ayala,36,Broadcast presenter,90227
Shawn Butler,65,"Engineer, mining",107632
Susan Chavez,41,"Teacher, adult education",58214
Shannon Lewis,35,Trade union research officer,83955
Dr. Rachel Fisher,45,"Radiographer, diagnostic",51125
Pamela Ball,55,"Engineer, broadcasting (operations)",98617
Diana Osborne,26,Information systems manager,100069
Robyn Dalton,60,"Engineer, technical sales",93350
Curtis Thomas,60,Pathologist,68798
Steven Hogan,47,Claims inspector/assessor,87661
Katherine Harper,60,Orthoptist,97807
Miranda Holmes,23,Armed forces technical officer,96865
Alexandria Frazier,52,Chartered accountant,42023
Jessica Hill,19,Health service manager,111717
Jonathan Steele,21,Warehouse manager,102106
Benjamin Stephens,20,Trading standards officer,93740
Heather Dickerson,37,Theatre stage manager,43847
Melinda Ford,49,Copy,101312
Angela Sanchez,29,"Engineer, chemical",66739
Sherry Vincent,25,"Administrator, Civil Service",67523
Kimberly Hill,22,"Pharmacist, hospital",40387
Angela Henson,62,Media buyer,87573
Larry Chase,63,Insurance account manager,58417
Tracey Leach,44,Barrister,114153
Jon Paul,50,Careers adviser,43571
Spencer Martinez,46,Consulting civil engineer,76683
Christopher Aguilar,18,Learning disability nurse,102591
Mrs. Diana Briggs MD,30,"Research officer, government",94599
Isabella Brown,32,Technical author,95024
Karen King,43,Secretary/administrator,38982
Thomas Morales,56,Actuary,38806
Johnny Hamilton,38,Broadcast presenter,93980
April Davidson,45,"Production designer, theatre/television/film",73271
Amber Lane,63,Financial risk analyst,110322
Brandi Murphy,49,Plant breeder/geneticist,62607
Susan Hudson,23,Chemical engineer,80303
Jeff Johnson,61,"Engineer, drilling",105571
Mary Wright,39,Ranger/warden,87371
Kaitlyn Sanchez,47,Contractor,40534
Scott Young,37,"Designer, exhibition/display",61125
Gordon Peterson,52,"Surveyor, rural practice",72072
Erica Cochran,56,Community arts worker,93119
Whitney Patel,59,Farm manager,62591
Amy Ryan,41,Agricultural consultant,38685
Mike Brown,19,"Therapist, nutritional",80816
Ronald Smith,50,Futures trader,117538
John Singleton,40,Lexicographer,52011
Michelle Johnson,46,"Designer, television/film set",119317
